Técnica,Varianza Explicada (%),Trustworthiness,Tiempo (s),Exactitud KNN (%)
PCA 2D,57.7,0.2092409240924097,0.011750936508178711,70.3
PCA 3D,75.3,0.426402640264027,0.0012159347534179688,59.3
t-SNE 2D,N/A,0.6316831683168315,4.718575477600098,69.2
t-SNE 3D,N/A,0.41188118811881186,2.5829954147338867,63.7
