Modelo,MSE,R2,MAE
LinearRegression,2279116412516.28,0.186144124355194,1153749.0842682817
RandomForestRegressor,2757982514799.9326,0.015144526067717878,1188946.5097463767
GradientBoostingRegressor,3024879914853.5273,-0.08016259209221888,1261837.9239267283
