Variable,Media,DesvEst
Ton_scaled_standard,3.692645508600083e-17,1.0010958907398133
Ton_scaled_minmax,0.24126840370063216,0.16074978381823876
Ton_scaled_robust,-0.097274091949701,0.8008781538446956
Ton_log1p,14.013170290715554,2.4013024731475476
Ton_sqrt,1572.356156925996,757.937326584995
Ton_yeojohnson,5236.172796622114,2608.494432936799
Ton_norm_l2,1.0,0.0
